,Model_Name,GPU_Type,Dataset,Epoch,Val_Loss
0,vit,K80,TinyImageNet,0,4.5824496148368015
1,vit,K80,cifar100,0,4.256727642205215
2,vit,K80,cifar10,0,1.8900308175698501
3,vit,K80,TinyImageNet,1,4.400014020475022
4,vit,K80,cifar100,1,3.9714001849355522
5,vit,K80,cifar10,1,1.7939837712378124
6,vit,K80,TinyImageNet,2,4.23151787079415
7,vit,K80,cifar100,2,3.732269506136371
8,vit,K80,cifar10,2,1.6985218697130384
9,vit,K80,TinyImageNet,3,4.072916701353975
10,vit,K80,cifar100,3,3.5021497676310176
11,vit,K80,cifar10,3,1.613168778787144
12,vit,K80,TinyImageNet,4,3.9324951838845217
13,vit,K80,cifar100,4,3.333349209261473
14,vit,K80,cifar10,4,1.5572834486145344
15,vit,K80,TinyImageNet,5,3.869605753193551
16,vit,K80,cifar100,5,3.1441679456078324
17,vit,K80,cifar10,5,1.4481302560319738
18,vit,K80,TinyImageNet,6,3.7470030017429212
19,vit,K80,cifar100,6,2.982660660378504
20,vit,K80,cifar10,6,1.4248084308367472
21,vit,K80,TinyImageNet,7,3.6426018606510304
22,vit,K80,cifar100,7,2.860638100128352
23,vit,K80,cifar10,7,1.3435287389878254
24,vit,K80,TinyImageNet,8,3.5851905986899077
25,vit,K80,cifar100,8,2.7269833695506396
26,vit,K80,cifar10,8,1.2977991411296212
27,vit,K80,TinyImageNet,9,3.502417223527178
28,vit,K80,cifar100,9,2.6230362246888124
29,vit,K80,cifar10,9,1.2413717540485376
30,vit,K80,TinyImageNet,10,3.4488009060581715
31,vit,K80,cifar100,10,2.517750112491714
32,vit,K80,cifar10,10,1.1890998644935782
33,vit,K80,TinyImageNet,11,3.3966242518894036
34,vit,K80,cifar100,11,2.463196283344877
35,vit,K80,cifar10,11,1.1471681635940894
36,vit,K80,TinyImageNet,12,3.3488476184343843
37,vit,K80,cifar100,12,2.380229219113223
38,vit,K80,cifar10,12,1.0839665364663742
39,vit,K80,TinyImageNet,13,3.3375438463025637
40,vit,K80,cifar100,13,2.3094832855238283
41,vit,K80,cifar10,13,1.0348670045415433
42,vit,K80,TinyImageNet,14,3.3212643481259905
43,vit,K80,cifar100,14,2.267497439656963
44,vit,K80,cifar10,14,1.0307878658324043
45,vit,K80,TinyImageNet,15,3.2757081097529346
46,vit,K80,cifar100,15,2.2425817831791632
47,vit,K80,cifar10,15,0.9946253631154989
48,vit,K80,TinyImageNet,16,3.2296789413516755
49,vit,K80,cifar100,16,2.1827678039365557
50,vit,K80,cifar10,16,0.9821305442174401
51,vit,K80,TinyImageNet,17,3.2105298954521
52,vit,K80,cifar100,17,2.1500953566264167
53,vit,K80,cifar10,17,0.9732541068984347
54,vit,K80,TinyImageNet,18,3.1727145988555385
55,vit,K80,cifar100,18,2.1182897145444413
56,vit,K80,cifar10,18,0.9255503384182788
57,vit,K80,TinyImageNet,19,3.1474415938171054
58,vit,K80,cifar100,19,2.1084323672099257
59,vit,K80,cifar10,19,0.9445526550969693
60,vit,K80,TinyImageNet,20,3.1171864268481926
61,vit,K80,cifar100,20,2.0879783988390845
62,vit,K80,cifar10,20,0.9331908629090381
63,vit,K80,TinyImageNet,21,3.084871582350853
64,vit,K80,cifar100,21,2.034829532548101
65,vit,K80,cifar10,21,0.902634025952896
66,vit,K80,TinyImageNet,22,3.01814161756049
67,vit,K80,cifar100,22,2.0350143507940013
68,vit,K80,cifar10,22,0.9054103656502509
69,vit,K80,TinyImageNet,23,2.998196931328138
70,vit,K80,cifar100,23,2.014678961840388
71,vit,K80,cifar10,23,0.8921013744132636
72,vit,K80,TinyImageNet,24,2.939620419855642
73,vit,K80,cifar100,24,2.018425668983791
74,vit,K80,cifar10,24,0.8795383561019716
75,vit,K80,TinyImageNet,25,2.9107526443536615
76,vit,K80,cifar100,25,1.9886683775300504
77,vit,K80,cifar10,25,0.8925829750533911
78,vit,K80,TinyImageNet,26,2.861474070197908
79,vit,K80,cifar100,26,1.9975794479304725
80,vit,K80,cifar10,26,0.8676599090897585
81,vit,K80,TinyImageNet,27,2.814480250034921
82,vit,K80,cifar100,27,2.002817815149092
83,vit,K80,cifar10,27,0.8670682969023251
84,vit,K80,TinyImageNet,28,2.764040279917772
85,vit,K80,cifar100,28,1.977613092690603
86,vit,K80,cifar10,28,0.8449630248795168
87,vit,K80,TinyImageNet,29,2.722486227367415
88,vit,K80,cifar100,29,1.975416441028572
89,vit,K80,cifar10,29,0.8601780959265813
90,vit,K80,TinyImageNet,30,2.7318007732309053
91,vit,K80,cifar100,30,1.9511782519455367
92,vit,K80,cifar10,30,0.8577567349982413
93,vit,K80,TinyImageNet,31,2.7249195085837394
94,vit,K80,cifar100,31,1.9381378880540994
95,vit,K80,cifar10,31,0.8594855849438939
96,vit,K80,TinyImageNet,32,2.6861173353892016
97,vit,K80,cifar100,32,1.9628362195811002
98,vit,K80,cifar10,32,0.8347067769722017
99,vit,K80,TinyImageNet,33,2.708695162288425
100,vit,K80,cifar100,33,1.9623650658617724
101,vit,K80,cifar10,33,0.8481947844270492
102,vit,K80,TinyImageNet,34,2.676908911315405
103,vit,K80,cifar100,34,1.943376497142976
104,vit,K80,cifar10,34,0.8244152822514301
105,vit,K80,TinyImageNet,35,2.6676808125517772
106,vit,K80,cifar100,35,1.9509541130955248
107,vit,K80,cifar10,35,0.8645366143889598
108,vit,K80,TinyImageNet,36,2.640344821034296
109,vit,K80,cifar100,36,1.9035323951471588
110,vit,K80,cifar10,36,0.8734721428329746
111,vit,K80,TinyImageNet,37,2.675400417166193
112,vit,K80,cifar100,37,1.9460737777893768
113,vit,K80,cifar10,37,0.8755609523640712
114,vit,K80,TinyImageNet,38,2.6379218160639013
115,vit,K80,cifar100,38,1.8939425030191208
116,vit,K80,cifar10,38,0.8510464017572656
117,vit,K80,TinyImageNet,39,2.6534597226256835
118,vit,K80,cifar100,39,1.9138962496371585
119,vit,K80,cifar10,39,0.8486428957908263
120,vit,K80,TinyImageNet,40,2.6764104181375488
121,vit,K80,cifar100,40,1.8829279348242567
122,vit,K80,cifar10,40,0.8628267339437848
123,vit,K80,TinyImageNet,41,2.653066762567101
124,vit,K80,cifar100,41,1.8845213525416702
125,vit,K80,cifar10,41,0.8412704859813248
126,vit,K80,TinyImageNet,42,2.629668453314015
127,vit,K80,cifar100,42,1.8235600016931368
128,vit,K80,cifar10,42,0.823512103204162
129,vit,K80,TinyImageNet,43,2.6284890393319444
130,vit,K80,cifar100,43,1.8203010299660074
131,vit,K80,cifar10,43,0.8381484664383403
132,vit,K80,TinyImageNet,44,2.608881537745061
133,vit,K80,cifar100,44,1.787187805601622
134,vit,K80,cifar10,44,0.8042516196743275
135,vit,K80,TinyImageNet,45,2.612374123467675
136,vit,K80,cifar100,45,1.7910778479956442
137,vit,K80,cifar10,45,0.7948671757737213
138,vit,K80,TinyImageNet,46,2.6378792047878847
139,vit,K80,cifar100,46,1.7567701955003185
140,vit,K80,cifar10,46,0.7751711133197139
141,vit,K80,TinyImageNet,47,2.5807756132649757
142,vit,K80,cifar100,47,1.7615500991394
143,vit,K80,cifar10,47,0.7909114757300717
144,vit,K80,TinyImageNet,48,2.5603684713047965
145,vit,K80,cifar100,48,1.7284657609214014
146,vit,K80,cifar10,48,0.7658504995687089
147,vit,K80,TinyImageNet,49,2.607919691752072
148,vit,K80,cifar100,49,1.7235270686509354
149,vit,K80,cifar10,49,0.7703834040541395
150,vit,K80,TinyImageNet,50,2.582809021894002
151,vit,K80,cifar100,50,1.690183757801152
152,vit,K80,cifar10,50,0.7885197390283037
153,vit,K80,TinyImageNet,51,2.57745022103643
154,vit,K80,cifar100,51,1.7047210810002558
155,vit,K80,cifar10,51,0.7844026350562466
156,vit,K80,TinyImageNet,52,2.5451181429086533
157,vit,K80,cifar100,52,1.698441933653435
158,vit,K80,cifar10,52,0.7514379521481964
159,vit,K80,TinyImageNet,53,2.571067650160695
160,vit,K80,cifar100,53,1.6872128841099299
161,vit,K80,cifar10,53,0.729723495499063
162,vit,K80,TinyImageNet,54,2.5602631138969176
163,vit,K80,cifar100,54,1.6869146992372546
164,vit,K80,cifar10,54,0.7400770950258465
165,vit,K80,TinyImageNet,55,2.5653382153827637
166,vit,K80,cifar100,55,1.6934986302587618
167,vit,K80,cifar10,55,0.7425617118529232
168,vit,K80,TinyImageNet,56,2.5965486064311696
169,vit,K80,cifar100,56,1.6668948797161687
170,vit,K80,cifar10,56,0.7193015918128419
171,vit,K80,TinyImageNet,57,2.5693035016725285
172,vit,K80,cifar100,57,1.7109920831604475
173,vit,K80,cifar10,57,0.7194774749003912
174,vit,K80,TinyImageNet,58,2.580007254956097
175,vit,K80,cifar100,58,1.6808289728411652
176,vit,K80,cifar10,58,0.7159664351711602
177,vit,K80,TinyImageNet,59,2.5586722467549423
178,vit,K80,cifar100,59,1.6468481704867877
179,vit,K80,cifar10,59,0.7406366841201145
180,vit,K80,TinyImageNet,60,2.573733728675077
181,vit,K80,cifar100,60,1.689271600209799
182,vit,K80,cifar10,60,0.754218039481374
183,vit,K80,TinyImageNet,61,2.5725806208709745
184,vit,K80,cifar100,61,1.6787059168066931
185,vit,K80,cifar10,61,0.7250405062095063
186,vit,K80,TinyImageNet,62,2.557019809590338
187,vit,K80,cifar100,62,1.6564681891432742
188,vit,K80,cifar10,62,0.7220142497965368
189,vit,K80,TinyImageNet,63,2.5623755476280374
190,vit,K80,cifar100,63,1.6625100063117912
191,vit,K80,cifar10,63,0.7051758772386804
192,vit,K80,TinyImageNet,64,2.511987562053379
193,vit,K80,cifar100,64,1.656478808123461
194,vit,K80,cifar10,64,0.715413441277088
195,vit,K80,TinyImageNet,65,2.5524868813239134
196,vit,K80,cifar100,65,1.651849385882382
197,vit,K80,cifar10,65,0.6904852430926353
198,vit,K80,TinyImageNet,66,2.5165568754091305
199,vit,K80,cifar100,66,1.6338900865355357
200,vit,K80,cifar10,66,0.7216681506559413
201,vit,K80,TinyImageNet,67,2.4907049302297866
202,vit,K80,cifar100,67,1.6265528657473143
203,vit,K80,cifar10,67,0.679341154357224
204,vit,K80,TinyImageNet,68,2.5096135708485208
205,vit,K80,cifar100,68,1.6456548493600438
206,vit,K80,cifar10,68,0.6958530955930661
207,vit,K80,TinyImageNet,69,2.512116825056413
208,vit,K80,cifar100,69,1.6116345334216138
209,vit,K80,cifar10,69,0.6705454257345501
210,vit,K80,TinyImageNet,70,2.4716517197465873
211,vit,K80,cifar100,70,1.6288835251454836
212,vit,K80,cifar10,70,0.6939562816496183
213,vit,K80,TinyImageNet,71,2.4994640019701198
214,vit,K80,cifar100,71,1.6271876136513024
215,vit,K80,cifar10,71,0.7126510411145014
216,vit,K80,TinyImageNet,72,2.4762693084465885
217,vit,K80,cifar100,72,1.6358458636498157
218,vit,K80,cifar10,72,0.6882084231484566
219,vit,K80,TinyImageNet,73,2.491276669703656
220,vit,K80,cifar100,73,1.6018697660039312
221,vit,K80,cifar10,73,0.6601053771674079
222,vit,K80,TinyImageNet,74,2.4829066222709013
223,vit,K80,cifar100,74,1.59047672762833
224,vit,K80,cifar10,74,0.6864846433978148
225,vit,K80,TinyImageNet,75,2.464589624368876
226,vit,K80,cifar100,75,1.6187659527554885
227,vit,K80,cifar10,75,0.6890374684030539
228,vit,K80,TinyImageNet,76,2.5109036122737862
229,vit,K80,cifar100,76,1.6126409115147622
230,vit,K80,cifar10,76,0.6804433714810427
231,vit,K80,TinyImageNet,77,2.479586297381693
232,vit,K80,cifar100,77,1.6028743197640647
233,vit,K80,cifar10,77,0.682181597948397
234,vit,K80,TinyImageNet,78,2.464683394044545
235,vit,K80,cifar100,78,1.5841213795887958
236,vit,K80,cifar10,78,0.6572505762645533
237,vit,K80,TinyImageNet,79,2.4658714090261022
238,vit,K80,cifar100,79,1.5865440083672089
239,vit,K80,cifar10,79,0.6863310447604276
240,vit,K80,TinyImageNet,80,2.499110936555489
241,vit,K80,cifar100,80,1.5937091488054416
242,vit,K80,cifar10,80,0.6850203431384939
243,vit,K80,TinyImageNet,81,2.4425733937485714
244,vit,K80,cifar100,81,1.5684896408052054
245,vit,K80,cifar10,81,0.7041733992864245
246,vit,K80,TinyImageNet,82,2.479918016302887
247,vit,K80,cifar100,82,1.5626419193725969
248,vit,K80,cifar10,82,0.6730542457017981
249,vit,K80,TinyImageNet,83,2.459850618910308
250,vit,K80,cifar100,83,1.566287410651863
251,vit,K80,cifar10,83,0.6640550468794015
252,vit,K80,TinyImageNet,84,2.4658630001323294
253,vit,K80,cifar100,84,1.581794149551421
254,vit,K80,cifar10,84,0.702161837111445
255,vit,K80,TinyImageNet,85,2.4718335148244415
256,vit,K80,cifar100,85,1.5700773677011115
257,vit,K80,cifar10,85,0.6553543878804255
258,vit,K80,TinyImageNet,86,2.4636051288068233
259,vit,K80,cifar100,86,1.5182254659308474
260,vit,K80,cifar10,86,0.66417635985736
261,vit,K80,TinyImageNet,87,2.4590056145948505
262,vit,K80,cifar100,87,1.5425341112787838
263,vit,K80,cifar10,87,0.663693198947632
264,vit,K80,TinyImageNet,88,2.4748583933822483
265,vit,K80,cifar100,88,1.48825985740035
266,vit,K80,cifar10,88,0.6965744303900783
267,vit,K80,TinyImageNet,89,2.4470592207544035
268,vit,K80,cifar100,89,1.4845932341095462
269,vit,K80,cifar10,89,0.6813899986945521
270,vit,K80,TinyImageNet,90,2.4916098532665405
271,vit,K80,cifar100,90,1.474923932810231
272,vit,K80,cifar10,90,0.6786352942337252
273,vit,K80,TinyImageNet,91,2.481384590387599
274,vit,K80,cifar100,91,1.4824681190123907
275,vit,K80,cifar10,91,0.6596839285590267
276,vit,K80,TinyImageNet,92,2.4853392722973977
277,vit,K80,cifar100,92,1.4344486302365895
278,vit,K80,cifar10,92,0.6558815490001946
279,vit,K80,TinyImageNet,93,2.4667600326393178
280,vit,K80,cifar100,93,1.4070466385632028
281,vit,K80,cifar10,93,0.6689490397856347
282,vit,K80,TinyImageNet,94,2.4655524901828136
283,vit,K80,cifar100,94,1.3967525791257278
284,vit,K80,cifar10,94,0.66672976532419
285,vit,K80,TinyImageNet,95,2.4577682485682697
286,vit,K80,cifar100,95,1.356470758047234
287,vit,K80,cifar10,95,0.668324022596153
288,vit,K80,TinyImageNet,96,2.456984735426532
289,vit,K80,cifar100,96,1.3668558100445714
290,vit,K80,cifar10,96,0.6577200880645068
291,vit,K80,TinyImageNet,97,2.4592956601170486
292,vit,K80,cifar100,97,1.322773983377625
293,vit,K80,cifar10,97,0.6667502113394475
294,vit,K80,TinyImageNet,98,2.4474612626562666
295,vit,K80,cifar100,98,1.3045890268334928
296,vit,K80,cifar10,98,0.6519944534704556
297,vit,K80,TinyImageNet,99,2.4376143946746702
298,vit,K80,cifar100,99,1.2934798714088405
299,vit,K80,cifar10,99,0.6680654270424304
300,vit,P100,TinyImageNet,0,4.43067917956848
301,vit,V100,TinyImageNet,0,4.730453665988116
302,vit,P100,TinyImageNet,1,4.270227935847689
303,vit,V100,TinyImageNet,1,4.563871321500651
304,vit,P100,TinyImageNet,2,4.119751432599371
305,vit,V100,TinyImageNet,2,4.382125700019689
306,vit,P100,TinyImageNet,3,4.037558622044692
307,vit,V100,TinyImageNet,3,4.265667601492225
308,vit,P100,TinyImageNet,4,3.8676449429330773
309,vit,V100,TinyImageNet,4,4.110294629636926
310,vit,P100,TinyImageNet,5,3.781308858378826
311,vit,V100,TinyImageNet,5,3.9902183533563833
312,vit,P100,TinyImageNet,6,3.6434863668281525
313,vit,V100,TinyImageNet,6,3.8570387947500446
314,vit,P100,TinyImageNet,7,3.5654771284706794
315,vit,V100,TinyImageNet,7,3.718258381378562
316,vit,P100,TinyImageNet,8,3.4704703827339687
317,vit,V100,TinyImageNet,8,3.6379020279832077
318,vit,P100,TinyImageNet,9,3.401022302902906
319,vit,V100,TinyImageNet,9,3.522117933470289
320,vit,P100,TinyImageNet,10,3.3260586007524995
321,vit,V100,TinyImageNet,10,3.4258834237449927
322,vit,P100,TinyImageNet,11,3.257028936975068
323,vit,V100,TinyImageNet,11,3.350301120672999
324,vit,P100,TinyImageNet,12,3.224033435734442
325,vit,V100,TinyImageNet,12,3.312705805902719
326,vit,P100,TinyImageNet,13,3.154652880731994
327,vit,V100,TinyImageNet,13,3.2030941278882894
328,vit,P100,TinyImageNet,14,3.0882003975998
329,vit,V100,TinyImageNet,14,3.1392418205494907
330,vit,P100,TinyImageNet,15,3.0153375899988077
331,vit,V100,TinyImageNet,15,3.0869536103670314
332,vit,P100,TinyImageNet,16,2.984756017883776
333,vit,V100,TinyImageNet,16,3.0365740362535765
334,vit,P100,TinyImageNet,17,2.949498378470203
335,vit,V100,TinyImageNet,17,2.9707967123410235
336,vit,P100,TinyImageNet,18,2.9163070346974043
337,vit,V100,TinyImageNet,18,2.9492207546409683
338,vit,P100,TinyImageNet,19,2.922035358385278
339,vit,V100,TinyImageNet,19,2.9313544955999946
340,vit,P100,TinyImageNet,20,2.8874818650348097
341,vit,V100,TinyImageNet,20,2.8618579566728255
342,vit,P100,TinyImageNet,21,2.844877985156953
343,vit,V100,TinyImageNet,21,2.8860743702065568
344,vit,P100,TinyImageNet,22,2.861831377789248
345,vit,V100,TinyImageNet,22,2.865123597881581
346,vit,P100,TinyImageNet,23,2.8218595009558425
347,vit,V100,TinyImageNet,23,2.8157184775075126
348,vit,P100,TinyImageNet,24,2.800907895796694
349,vit,V100,TinyImageNet,24,2.8139243330626855
350,vit,P100,TinyImageNet,25,2.835082780546854
351,vit,V100,TinyImageNet,25,2.8315996039540683
352,vit,P100,TinyImageNet,26,2.787621204910946
353,vit,V100,TinyImageNet,26,2.808377008066405
354,vit,P100,TinyImageNet,27,2.798197660356447
355,vit,V100,TinyImageNet,27,2.7770481462432537
356,vit,P100,TinyImageNet,28,2.7678537255101743
357,vit,V100,TinyImageNet,28,2.7844643822359254
358,vit,P100,TinyImageNet,29,2.728725732001256
359,vit,V100,TinyImageNet,29,2.7819412178236926
360,vit,P100,TinyImageNet,30,2.7548965913094126
361,vit,V100,TinyImageNet,30,2.769203368762786
362,vit,P100,TinyImageNet,31,2.7124142205781294
363,vit,V100,TinyImageNet,31,2.7845868056303695
364,vit,P100,TinyImageNet,32,2.7050268079068744
365,vit,V100,TinyImageNet,32,2.763306197617181
366,vit,P100,TinyImageNet,33,2.6763447980956854
367,vit,V100,TinyImageNet,33,2.7680171536817353
368,vit,P100,TinyImageNet,34,2.6645606065735747
369,vit,V100,TinyImageNet,34,2.7694443463378504
370,vit,P100,TinyImageNet,35,2.6204251016064655
371,vit,V100,TinyImageNet,35,2.7533263294092065
372,vit,P100,TinyImageNet,36,2.6058653246952956
373,vit,V100,TinyImageNet,36,2.759462100310887
374,vit,P100,TinyImageNet,37,2.600946315789296
375,vit,V100,TinyImageNet,37,2.7555954417469817
376,vit,P100,TinyImageNet,38,2.566436902564015
377,vit,V100,TinyImageNet,38,2.758114318461155
378,vit,P100,TinyImageNet,39,2.5586048164937996
379,vit,V100,TinyImageNet,39,2.7527057096846677
380,vit,P100,TinyImageNet,40,2.5568358279305214
381,vit,V100,TinyImageNet,40,2.725261053367611
382,vit,P100,TinyImageNet,41,2.5501111549240143
383,vit,V100,TinyImageNet,41,2.7163721393967584
384,vit,P100,TinyImageNet,42,2.4984613652093604
385,vit,V100,TinyImageNet,42,2.7483510095443835
386,vit,P100,TinyImageNet,43,2.508723711307087
387,vit,V100,TinyImageNet,43,2.719116472362199
388,vit,P100,TinyImageNet,44,2.5200247950456194
389,vit,V100,TinyImageNet,44,2.7086359011268444
390,vit,P100,TinyImageNet,45,2.5175530052740815
391,vit,V100,TinyImageNet,45,2.7421454728564925
392,vit,P100,TinyImageNet,46,2.536955164263141
393,vit,V100,TinyImageNet,46,2.7376213850489006
394,vit,P100,TinyImageNet,47,2.507259708895579
395,vit,V100,TinyImageNet,47,2.728626633576152
396,vit,P100,TinyImageNet,48,2.5195535756162486
397,vit,V100,TinyImageNet,48,2.7126675918304315
398,vit,P100,TinyImageNet,49,2.5034616493997772
399,vit,V100,TinyImageNet,49,2.7388714721784666
400,vit,P100,TinyImageNet,50,2.540909374852366
401,vit,V100,TinyImageNet,50,2.684702494138649
402,vit,P100,TinyImageNet,51,2.511443951820977
403,vit,V100,TinyImageNet,51,2.701556701126061
404,vit,P100,TinyImageNet,52,2.501075029442667
405,vit,V100,TinyImageNet,52,2.731868392371813
406,vit,P100,TinyImageNet,53,2.501826971451278
407,vit,V100,TinyImageNet,53,2.7087236248511553
408,vit,P100,TinyImageNet,54,2.5164048711306966
409,vit,V100,TinyImageNet,54,2.679229402655756
410,vit,P100,TinyImageNet,55,2.49249216850619
411,vit,V100,TinyImageNet,55,2.6837843268227317
412,vit,P100,TinyImageNet,56,2.4685867122450484
413,vit,V100,TinyImageNet,56,2.6910712052697288
414,vit,P100,TinyImageNet,57,2.478138227455743
415,vit,V100,TinyImageNet,57,2.692467407566266
416,vit,P100,TinyImageNet,58,2.4794336133380246
417,vit,V100,TinyImageNet,58,2.6641767253467967
418,vit,P100,TinyImageNet,59,2.4666422124326806
419,vit,V100,TinyImageNet,59,2.6755195737905866
420,vit,P100,TinyImageNet,60,2.4946792749789437
421,vit,V100,TinyImageNet,60,2.6143523034190377
422,vit,P100,TinyImageNet,61,2.4590896007151275
423,vit,V100,TinyImageNet,61,2.6537324442354375
424,vit,P100,TinyImageNet,62,2.4423776574518077
425,vit,V100,TinyImageNet,62,2.665453885104403
426,vit,P100,TinyImageNet,63,2.4741083376490027
427,vit,V100,TinyImageNet,63,2.6333219182880385
428,vit,P100,TinyImageNet,64,2.4402879248527487
429,vit,V100,TinyImageNet,64,2.635355929375053
430,vit,P100,TinyImageNet,65,2.440073539617139
431,vit,V100,TinyImageNet,65,2.621830552671679
432,vit,P100,TinyImageNet,66,2.464825676690878
433,vit,V100,TinyImageNet,66,2.6633556273018533
434,vit,P100,TinyImageNet,67,2.4617634020632075
435,vit,V100,TinyImageNet,67,2.619950736450761
436,vit,P100,TinyImageNet,68,2.468661493159983
437,vit,V100,TinyImageNet,68,2.6220893473741764
438,vit,P100,TinyImageNet,69,2.449541173015524
439,vit,V100,TinyImageNet,69,2.584083753349982
440,vit,P100,TinyImageNet,70,2.4246383375131595
441,vit,V100,TinyImageNet,70,2.6217721510686727
442,vit,P100,TinyImageNet,71,2.4585025610700066
443,vit,V100,TinyImageNet,71,2.603121481914371
444,vit,P100,TinyImageNet,72,2.4623332532446756
445,vit,V100,TinyImageNet,72,2.5932181635855445
446,vit,P100,TinyImageNet,73,2.43606747100905
447,vit,V100,TinyImageNet,73,2.6151037241152015
448,vit,P100,TinyImageNet,74,2.4363278153598396
449,vit,V100,TinyImageNet,74,2.5882645858513715
450,vit,P100,TinyImageNet,75,2.454802763479948
451,vit,V100,TinyImageNet,75,2.618376397422708
452,vit,P100,TinyImageNet,76,2.4421072854456503
453,vit,V100,TinyImageNet,76,2.598320792226453
454,vit,P100,TinyImageNet,77,2.446351578436301
455,vit,V100,TinyImageNet,77,2.6016529825060197
456,vit,P100,TinyImageNet,78,2.4231662514759447
457,vit,V100,TinyImageNet,78,2.609964740888444
458,vit,P100,TinyImageNet,79,2.43622412776506
459,vit,V100,TinyImageNet,79,2.5605104750013212
460,vit,P100,TinyImageNet,80,2.4577189810643043
461,vit,V100,TinyImageNet,80,2.611140910971007
462,vit,P100,TinyImageNet,81,2.4314148536928375
463,vit,V100,TinyImageNet,81,2.545661354378674
464,vit,P100,TinyImageNet,82,2.4420844701931395
465,vit,V100,TinyImageNet,82,2.563324528983864
466,vit,P100,TinyImageNet,83,2.4318980993040507
467,vit,V100,TinyImageNet,83,2.593459429912862
468,vit,P100,TinyImageNet,84,2.4298247760285636
469,vit,V100,TinyImageNet,84,2.566256555438965
470,vit,P100,TinyImageNet,85,2.441100557577014
471,vit,V100,TinyImageNet,85,2.5370859762361597
472,vit,P100,TinyImageNet,86,2.432630363318822
473,vit,V100,TinyImageNet,86,2.590123390961094
474,vit,P100,TinyImageNet,87,2.4194083629592935
475,vit,V100,TinyImageNet,87,2.5692640108035243
476,vit,P100,TinyImageNet,88,2.4402074947264754
477,vit,V100,TinyImageNet,88,2.5473886139236646
478,vit,P100,TinyImageNet,89,2.397351938964824
479,vit,V100,TinyImageNet,89,2.5838641280328454
480,vit,P100,TinyImageNet,90,2.404458271401209
481,vit,V100,TinyImageNet,90,2.5662625553681826
482,vit,P100,TinyImageNet,91,2.399353703763628
483,vit,V100,TinyImageNet,91,2.552696549108586
484,vit,P100,TinyImageNet,92,2.4366824622147716
485,vit,V100,TinyImageNet,92,2.5475449165576247
486,vit,P100,TinyImageNet,93,2.411911094024423
487,vit,V100,TinyImageNet,93,2.553998697682566
488,vit,P100,TinyImageNet,94,2.38800169111205
489,vit,V100,TinyImageNet,94,2.526651651346706
490,vit,P100,TinyImageNet,95,2.422811926436161
491,vit,V100,TinyImageNet,95,2.544373397094148
492,vit,P100,TinyImageNet,96,2.391016542428778
493,vit,V100,TinyImageNet,96,2.556930450242922
494,vit,P100,TinyImageNet,97,2.426593825759074
495,vit,V100,TinyImageNet,97,2.534671065625063
496,vit,P100,TinyImageNet,98,2.428800173048552
497,vit,V100,TinyImageNet,98,2.552315920961499
498,vit,P100,TinyImageNet,99,2.4447992777831473
499,vit,V100,TinyImageNet,99,2.5473448329140935
500,deformable_vit,K80,TinyImageNet,0,4.270865374714982
501,deformable_vit,K80,cifar100,0,4.1484488143399245
502,deformable_vit,K80,cifar10,0,1.7922384921665035
503,deformable_vit,K80,TinyImageNet,1,4.150630451926435
504,deformable_vit,K80,cifar100,1,3.8623204793381642
505,deformable_vit,K80,cifar10,1,1.7130689551096359
506,deformable_vit,K80,TinyImageNet,2,4.064469028980419
507,deformable_vit,K80,cifar100,2,3.602792847639178
508,deformable_vit,K80,cifar10,2,1.5953495020515305
509,deformable_vit,K80,TinyImageNet,3,3.961040526951387
510,deformable_vit,K80,cifar100,3,3.371446529865675
511,deformable_vit,K80,cifar10,3,1.4867714071596012
512,deformable_vit,K80,TinyImageNet,4,3.8448654858922073
513,deformable_vit,K80,cifar100,4,3.2010054368290826
514,deformable_vit,K80,cifar10,4,1.409515300883641
515,deformable_vit,K80,TinyImageNet,5,3.7490949185170663
516,deformable_vit,K80,cifar100,5,3.0336498427775256
517,deformable_vit,K80,cifar10,5,1.3638440077044662
518,deformable_vit,K80,TinyImageNet,6,3.6167479340129005
519,deformable_vit,K80,cifar100,6,2.86816952231324
520,deformable_vit,K80,cifar10,6,1.2987248202747719
521,deformable_vit,K80,TinyImageNet,7,3.5039018700147957
522,deformable_vit,K80,cifar100,7,2.773839427695583
523,deformable_vit,K80,cifar10,7,1.2087707021602982
524,deformable_vit,K80,TinyImageNet,8,3.371292318837707
525,deformable_vit,K80,cifar100,8,2.6634492481867444
526,deformable_vit,K80,cifar10,8,1.1802313835294729
527,deformable_vit,K80,TinyImageNet,9,3.326304772233042
528,deformable_vit,K80,cifar100,9,2.56605403140489
529,deformable_vit,K80,cifar10,9,1.119860864039569
530,deformable_vit,K80,TinyImageNet,10,3.215509143699225
531,deformable_vit,K80,cifar100,10,2.4970101513338667
532,deformable_vit,K80,cifar10,10,1.0864067961326576
533,deformable_vit,K80,TinyImageNet,11,3.0681433337692954
534,deformable_vit,K80,cifar100,11,2.4359224405956525
535,deformable_vit,K80,cifar10,11,1.0530819897647656
536,deformable_vit,K80,TinyImageNet,12,3.0013369467546958
537,deformable_vit,K80,cifar100,12,2.398051346167256
538,deformable_vit,K80,cifar10,12,1.021395513428929
539,deformable_vit,K80,TinyImageNet,13,2.9525117465034736
540,deformable_vit,K80,cifar100,13,2.371357597508941
541,deformable_vit,K80,cifar10,13,0.959160452173103
542,deformable_vit,K80,TinyImageNet,14,2.8268238641746763
543,deformable_vit,K80,cifar100,14,2.329985413532718
544,deformable_vit,K80,cifar10,14,0.938339646273906
545,deformable_vit,K80,TinyImageNet,15,2.7626856463685194
546,deformable_vit,K80,cifar100,15,2.3646653369118837
547,deformable_vit,K80,cifar10,15,0.9020015899470797
548,deformable_vit,K80,TinyImageNet,16,2.682022005753047
549,deformable_vit,K80,cifar100,16,2.3331472167879954
550,deformable_vit,K80,cifar10,16,0.9062611608243024
551,deformable_vit,K80,TinyImageNet,17,2.6338281095849063
552,deformable_vit,K80,cifar100,17,2.2846799947137404
553,deformable_vit,K80,cifar10,17,0.878373410894028
554,deformable_vit,K80,TinyImageNet,18,2.5761197889263303
555,deformable_vit,K80,cifar100,18,2.3245302992660535
556,deformable_vit,K80,cifar10,18,0.851524717769989
557,deformable_vit,K80,TinyImageNet,19,2.543239707908282
558,deformable_vit,K80,cifar100,19,2.3200582687765023
559,deformable_vit,K80,cifar10,19,0.8165109881860779
560,deformable_vit,K80,TinyImageNet,20,2.5133973109625547
561,deformable_vit,K80,cifar100,20,2.321551465541523
562,deformable_vit,K80,cifar10,20,0.7865625976147769
563,deformable_vit,K80,TinyImageNet,21,2.470957432601607
564,deformable_vit,K80,cifar100,21,2.3079536516166383
565,deformable_vit,K80,cifar10,21,0.8014761138026391
566,deformable_vit,K80,TinyImageNet,22,2.456944532022927
567,deformable_vit,K80,cifar100,22,2.2807786569405404
568,deformable_vit,K80,cifar10,22,0.7965957871332576
569,deformable_vit,K80,TinyImageNet,23,2.4441533752108535
570,deformable_vit,K80,cifar100,23,2.255848513861966
571,deformable_vit,K80,cifar10,23,0.7745102480865825
572,deformable_vit,K80,TinyImageNet,24,2.457691186429193
573,deformable_vit,K80,cifar100,24,2.215520908586639
574,deformable_vit,K80,cifar10,24,0.7646031433301266
575,deformable_vit,K80,TinyImageNet,25,2.443335474503728
576,deformable_vit,K80,cifar100,25,2.1781151920226915
577,deformable_vit,K80,cifar10,25,0.7395600222365459
578,deformable_vit,K80,TinyImageNet,26,2.429537252665003
579,deformable_vit,K80,cifar100,26,2.217234931377859
580,deformable_vit,K80,cifar10,26,0.7174708602656531
581,deformable_vit,K80,TinyImageNet,27,2.4334571061629178
582,deformable_vit,K80,cifar100,27,2.1914825380929455
583,deformable_vit,K80,cifar10,27,0.7115899619455819
584,deformable_vit,K80,TinyImageNet,28,2.4552241705632807
585,deformable_vit,K80,cifar100,28,2.2186321642520204
586,deformable_vit,K80,cifar10,28,0.692443932945028
587,deformable_vit,K80,TinyImageNet,29,2.448911591426651
588,deformable_vit,K80,cifar100,29,2.1828299187131046
589,deformable_vit,K80,cifar10,29,0.6917394402144307
590,deformable_vit,K80,TinyImageNet,30,2.4759113744022567
591,deformable_vit,K80,cifar100,30,2.1778889677402313
592,deformable_vit,K80,cifar10,30,0.6811682315257923
593,deformable_vit,K80,TinyImageNet,31,2.4456249551366946
594,deformable_vit,K80,cifar100,31,2.169619329633388
595,deformable_vit,K80,cifar10,31,0.6568612155331915
596,deformable_vit,K80,TinyImageNet,32,2.4167881157151303
597,deformable_vit,K80,cifar100,32,2.1679117176786367
598,deformable_vit,K80,cifar10,32,0.6874562675170113
599,deformable_vit,K80,TinyImageNet,33,2.4358885992984276
600,deformable_vit,K80,cifar100,33,2.1405770643728195
601,deformable_vit,K80,cifar10,33,0.6652591035524777
602,deformable_vit,K80,TinyImageNet,34,2.4500209175128
603,deformable_vit,K80,cifar100,34,2.137875607698826
604,deformable_vit,K80,cifar10,34,0.6438050840661789
605,deformable_vit,K80,TinyImageNet,35,2.4423108028047253
606,deformable_vit,K80,cifar100,35,2.123273380544215
607,deformable_vit,K80,cifar10,35,0.6411789350490219
608,deformable_vit,K80,TinyImageNet,36,2.442573941969265
609,deformable_vit,K80,cifar100,36,2.14340835911208
610,deformable_vit,K80,cifar10,36,0.6530645826808422
611,deformable_vit,K80,TinyImageNet,37,2.4489485933102544
612,deformable_vit,K80,cifar100,37,2.1107869301273166
613,deformable_vit,K80,cifar10,37,0.6504261134298752
614,deformable_vit,K80,TinyImageNet,38,2.447127890589341
615,deformable_vit,K80,cifar100,38,2.125999597523455
616,deformable_vit,K80,cifar10,38,0.6317175408829997
617,deformable_vit,K80,TinyImageNet,39,2.449583392894833
618,deformable_vit,K80,cifar100,39,2.1136545653497922
619,deformable_vit,K80,cifar10,39,0.6360606544029167
620,deformable_vit,K80,TinyImageNet,40,2.426854898987359
621,deformable_vit,K80,cifar100,40,2.096333956175853
622,deformable_vit,K80,cifar10,40,0.6506578684473511
623,deformable_vit,K80,TinyImageNet,41,2.4386626784521557
624,deformable_vit,K80,cifar100,41,2.0897560221812346
625,deformable_vit,K80,cifar10,41,0.6523936927916711
626,deformable_vit,K80,TinyImageNet,42,2.440166946689648
627,deformable_vit,K80,cifar100,42,2.042674557839663
628,deformable_vit,K80,cifar10,42,0.612211868005757
629,deformable_vit,K80,TinyImageNet,43,2.402380042407826
630,deformable_vit,K80,cifar100,43,2.0262311416819654
631,deformable_vit,K80,cifar10,43,0.6200890775860661
632,deformable_vit,K80,TinyImageNet,44,2.400317472713767
633,deformable_vit,K80,cifar100,44,1.9647510975416778
634,deformable_vit,K80,cifar10,44,0.6217495360203837
635,deformable_vit,K80,TinyImageNet,45,2.433966370944582
636,deformable_vit,K80,cifar100,45,1.9696671662125338
637,deformable_vit,K80,cifar10,45,0.6034169223852404
638,deformable_vit,K80,TinyImageNet,46,2.429399020606104
639,deformable_vit,K80,cifar100,46,1.9421709242103566
640,deformable_vit,K80,cifar10,46,0.6162496813746032
641,deformable_vit,K80,TinyImageNet,47,2.4151643075945257
642,deformable_vit,K80,cifar100,47,1.9243082448003428
643,deformable_vit,K80,cifar10,47,0.599617300200436
644,deformable_vit,K80,TinyImageNet,48,2.3992662283694153
645,deformable_vit,K80,cifar100,48,1.930794684155912
646,deformable_vit,K80,cifar10,48,0.6226238676587681
647,deformable_vit,K80,TinyImageNet,49,2.4101095051736148
648,deformable_vit,K80,cifar100,49,1.902762110944656
649,deformable_vit,K80,cifar10,49,0.6054847024065826
650,deformable_vit,K80,TinyImageNet,50,2.4007671768161396
651,deformable_vit,K80,cifar100,50,1.937531501008436
652,deformable_vit,K80,cifar10,50,0.6147735718866246
653,deformable_vit,K80,TinyImageNet,51,2.3693951067231773
654,deformable_vit,K80,cifar100,51,1.8933909889617326
655,deformable_vit,K80,cifar10,51,0.6053101211281156
656,deformable_vit,K80,TinyImageNet,52,2.433693032675941
657,deformable_vit,K80,cifar100,52,1.9090201139591436
658,deformable_vit,K80,cifar10,52,0.6242517356578184
659,deformable_vit,K80,TinyImageNet,53,2.3989307584634556
660,deformable_vit,K80,cifar100,53,1.9512655177159108
661,deformable_vit,K80,cifar10,53,0.586215708864938
662,deformable_vit,K80,TinyImageNet,54,2.3939939824607843
663,deformable_vit,K80,cifar100,54,1.932639224820605
664,deformable_vit,K80,cifar10,54,0.5900180249423405
665,deformable_vit,K80,TinyImageNet,55,2.4092186792468917
666,deformable_vit,K80,cifar100,55,1.9662812447741815
667,deformable_vit,K80,cifar10,55,0.5663643771335262
668,deformable_vit,K80,TinyImageNet,56,2.3996919831266523
669,deformable_vit,K80,cifar100,56,1.9656263633211548
670,deformable_vit,K80,cifar10,56,0.6304371835537013
671,deformable_vit,K80,TinyImageNet,57,2.3557563493788014
672,deformable_vit,K80,cifar100,57,1.9817483360130497
673,deformable_vit,K80,cifar10,57,0.6073974477418258
674,deformable_vit,K80,TinyImageNet,58,2.3963341076036158
675,deformable_vit,K80,cifar100,58,1.9732551416774917
676,deformable_vit,K80,cifar10,58,0.5903254139595768
677,deformable_vit,K80,TinyImageNet,59,2.366323299304596
678,deformable_vit,K80,cifar100,59,2.0061803042022692
679,deformable_vit,K80,cifar10,59,0.5777213404285919
680,deformable_vit,K80,TinyImageNet,60,2.3604543299096403
681,deformable_vit,K80,cifar100,60,1.9880599689264107
682,deformable_vit,K80,cifar10,60,0.5679348114551577
683,deformable_vit,K80,TinyImageNet,61,2.3809607767384695
684,deformable_vit,K80,cifar100,61,1.9380810068034284
685,deformable_vit,K80,cifar10,61,0.5876849310346461
686,deformable_vit,K80,TinyImageNet,62,2.3589488986219265
687,deformable_vit,K80,cifar100,62,1.9607516610983304
688,deformable_vit,K80,cifar10,62,0.5994208756508133
689,deformable_vit,K80,TinyImageNet,63,2.4030260228720253
690,deformable_vit,K80,cifar100,63,1.9625168776713988
691,deformable_vit,K80,cifar10,63,0.5876377317436713
692,deformable_vit,K80,TinyImageNet,64,2.372168994037137
693,deformable_vit,K80,cifar100,64,1.978670825596944
694,deformable_vit,K80,cifar10,64,0.5945893548653788
695,deformable_vit,K80,TinyImageNet,65,2.354282015861003
696,deformable_vit,K80,cifar100,65,1.9305151433362802
697,deformable_vit,K80,cifar10,65,0.631484344684901
698,deformable_vit,K80,TinyImageNet,66,2.3419327065563205
699,deformable_vit,K80,cifar100,66,1.9255568562881817
700,deformable_vit,K80,cifar10,66,0.5742184743204406
701,deformable_vit,K80,TinyImageNet,67,2.4110665475000084
702,deformable_vit,K80,cifar100,67,1.923974359889716
703,deformable_vit,K80,cifar10,67,0.62369535348
704,deformable_vit,K80,TinyImageNet,68,2.3730754028268954
705,deformable_vit,K80,cifar100,68,1.8931517496634431
706,deformable_vit,K80,cifar10,68,0.5882408099370133
707,deformable_vit,K80,TinyImageNet,69,2.3630037014995033
708,deformable_vit,K80,cifar100,69,1.887906248067527
709,deformable_vit,K80,cifar10,69,0.599998345528289
710,deformable_vit,K80,TinyImageNet,70,2.3806456137224448
711,deformable_vit,K80,cifar100,70,1.8669657368618047
712,deformable_vit,K80,cifar10,70,0.5623168703552317
713,deformable_vit,K80,TinyImageNet,71,2.355392820224583
714,deformable_vit,K80,cifar100,71,1.8747202019549911
715,deformable_vit,K80,cifar10,71,0.5965114312533095
716,deformable_vit,K80,TinyImageNet,72,2.3555211739464217
717,deformable_vit,K80,cifar100,72,1.8754038244286348
718,deformable_vit,K80,cifar10,72,0.6128912667468034
719,deformable_vit,K80,TinyImageNet,73,2.387289761821717
720,deformable_vit,K80,cifar100,73,1.859644815442103
721,deformable_vit,K80,cifar10,73,0.5819752223109452
722,deformable_vit,K80,TinyImageNet,74,2.356907095448523
723,deformable_vit,K80,cifar100,74,1.8613219715693707
724,deformable_vit,K80,cifar10,74,0.6111447453271392
725,deformable_vit,K80,TinyImageNet,75,2.3641758074104495
726,deformable_vit,K80,cifar100,75,1.861271698820759
727,deformable_vit,K80,cifar10,75,0.5658490640180908
728,deformable_vit,K80,TinyImageNet,76,2.3718381519554415
729,deformable_vit,K80,cifar100,76,1.8600461852536192
730,deformable_vit,K80,cifar10,76,0.5954113873594149
731,deformable_vit,K80,TinyImageNet,77,2.3433331099968258
732,deformable_vit,K80,cifar100,77,1.8525948712647364
733,deformable_vit,K80,cifar10,77,0.5844850944138062
734,deformable_vit,K80,TinyImageNet,78,2.36921313877987
735,deformable_vit,K80,cifar100,78,1.8353751123486048
736,deformable_vit,K80,cifar10,78,0.5894241338877129
737,deformable_vit,K80,TinyImageNet,79,2.3777555898657057
738,deformable_vit,K80,cifar100,79,1.8491773050642397
739,deformable_vit,K80,cifar10,79,0.6026973329934807
740,deformable_vit,K80,TinyImageNet,80,2.379865409303909
741,deformable_vit,K80,cifar100,80,1.8261497830987263
742,deformable_vit,K80,cifar10,80,0.5778235891373815
743,deformable_vit,K80,TinyImageNet,81,2.362338191903705
744,deformable_vit,K80,cifar100,81,1.846929818431179
745,deformable_vit,K80,cifar10,81,0.5842473855129207
746,deformable_vit,K80,TinyImageNet,82,2.3807596822252806
747,deformable_vit,K80,cifar100,82,1.8597112216724911
748,deformable_vit,K80,cifar10,82,0.5715453966709569
749,deformable_vit,K80,TinyImageNet,83,2.346889968743244
750,deformable_vit,K80,cifar100,83,1.8358343158567139
751,deformable_vit,K80,cifar10,83,0.5711503681079949
752,deformable_vit,K80,TinyImageNet,84,2.366637710478757
753,deformable_vit,K80,cifar100,84,1.822286014898259
754,deformable_vit,K80,cifar10,84,0.5797336059209689
755,deformable_vit,K80,TinyImageNet,85,2.345636763912841
756,deformable_vit,K80,cifar100,85,1.8255922226828494
757,deformable_vit,K80,cifar10,85,0.5585838514679903
758,deformable_vit,K80,TinyImageNet,86,2.4110338389479398
759,deformable_vit,K80,cifar100,86,1.7979039339385439
760,deformable_vit,K80,cifar10,86,0.5619235983115898
761,deformable_vit,K80,TinyImageNet,87,2.364234038631919
762,deformable_vit,K80,cifar100,87,1.7948704123205503
763,deformable_vit,K80,cifar10,87,0.6115048646216595
764,deformable_vit,K80,TinyImageNet,88,2.3429856830369316
765,deformable_vit,K80,cifar100,88,1.8043536646038585
766,deformable_vit,K80,cifar10,88,0.5913500769360148
767,deformable_vit,K80,TinyImageNet,89,2.3650353435422575
768,deformable_vit,K80,cifar100,89,1.801905004787471
769,deformable_vit,K80,cifar10,89,0.614592434269964
770,deformable_vit,K80,TinyImageNet,90,2.3545042804247838
771,deformable_vit,K80,cifar100,90,1.7785481618313195
772,deformable_vit,K80,cifar10,90,0.5994659436374972
773,deformable_vit,K80,TinyImageNet,91,2.33940142830321
774,deformable_vit,K80,cifar100,91,1.770119582575403
775,deformable_vit,K80,cifar10,91,0.5927338932150652
776,deformable_vit,K80,TinyImageNet,92,2.382261242901156
777,deformable_vit,K80,cifar100,92,1.7455287705693712
778,deformable_vit,K80,cifar10,92,0.6117394524785759
779,deformable_vit,K80,TinyImageNet,93,2.4059427237897126
780,deformable_vit,K80,cifar100,93,1.7543346901756747
781,deformable_vit,K80,cifar10,93,0.5827517725862246
782,deformable_vit,K80,TinyImageNet,94,2.3744350441786994
783,deformable_vit,K80,cifar100,94,1.732333157280483
784,deformable_vit,K80,cifar10,94,0.5880633921852648
785,deformable_vit,K80,TinyImageNet,95,2.366834584497039
786,deformable_vit,K80,cifar100,95,1.7295961866497347
787,deformable_vit,K80,cifar10,95,0.5882817349643791
788,deformable_vit,K80,TinyImageNet,96,2.37973386569105
789,deformable_vit,K80,cifar100,96,1.7424374573383115
790,deformable_vit,K80,cifar10,96,0.6013404301878433
791,deformable_vit,K80,TinyImageNet,97,2.3743773114121587
792,deformable_vit,K80,cifar100,97,1.7381690974796566
793,deformable_vit,K80,cifar10,97,0.5682439978170387
794,deformable_vit,K80,TinyImageNet,98,2.3767090011527983
795,deformable_vit,K80,cifar100,98,1.7659715299653174
796,deformable_vit,K80,cifar10,98,0.5603586082611117
797,deformable_vit,K80,TinyImageNet,99,2.3615474111290093
798,deformable_vit,K80,cifar100,99,1.7437027304215402
799,deformable_vit,K80,cifar10,99,0.5880433052794551
800,deformable_vit,P100,TinyImageNet,0,4.825075807772809
801,deformable_vit,V100,TinyImageNet,0,4.493463016725889
802,deformable_vit,P100,TinyImageNet,1,4.774586803422102
803,deformable_vit,V100,TinyImageNet,1,4.339939844405996
804,deformable_vit,P100,TinyImageNet,2,4.725047478993546
805,deformable_vit,V100,TinyImageNet,2,4.199080799909179
806,deformable_vit,P100,TinyImageNet,3,4.7042312596181075
807,deformable_vit,V100,TinyImageNet,3,4.026248618243538
808,deformable_vit,P100,TinyImageNet,4,4.623194624948896
809,deformable_vit,V100,TinyImageNet,4,3.8967639610157487
810,deformable_vit,P100,TinyImageNet,5,4.564971174702242
811,deformable_vit,V100,TinyImageNet,5,3.7916745448263325
812,deformable_vit,P100,TinyImageNet,6,4.460237443071299
813,deformable_vit,V100,TinyImageNet,6,3.696374945673991
814,deformable_vit,P100,TinyImageNet,7,4.377828499080227
815,deformable_vit,V100,TinyImageNet,7,3.5956062873285384
816,deformable_vit,P100,TinyImageNet,8,4.323218732512015
817,deformable_vit,V100,TinyImageNet,8,3.486632695333848
818,deformable_vit,P100,TinyImageNet,9,4.211916380327294
819,deformable_vit,V100,TinyImageNet,9,3.3935920567381723
820,deformable_vit,P100,TinyImageNet,10,4.144509652679086
821,deformable_vit,V100,TinyImageNet,10,3.3452947731963016
822,deformable_vit,P100,TinyImageNet,11,4.056357437054699
823,deformable_vit,V100,TinyImageNet,11,3.294076904234467
824,deformable_vit,P100,TinyImageNet,12,3.973734270651784
825,deformable_vit,V100,TinyImageNet,12,3.1735780504578894
826,deformable_vit,P100,TinyImageNet,13,3.8556144399582055
827,deformable_vit,V100,TinyImageNet,13,3.1158322397879523
828,deformable_vit,P100,TinyImageNet,14,3.8203682831938153
829,deformable_vit,V100,TinyImageNet,14,3.076597603308888
830,deformable_vit,P100,TinyImageNet,15,3.7237184429884227
831,deformable_vit,V100,TinyImageNet,15,3.0352487180155694
832,deformable_vit,P100,TinyImageNet,16,3.639348171145877
833,deformable_vit,V100,TinyImageNet,16,2.9547236972017257
834,deformable_vit,P100,TinyImageNet,17,3.588913407855429
835,deformable_vit,V100,TinyImageNet,17,2.9602346752179804
836,deformable_vit,P100,TinyImageNet,18,3.4951595135576183
837,deformable_vit,V100,TinyImageNet,18,2.91109843561242
838,deformable_vit,P100,TinyImageNet,19,3.4419128241810517
839,deformable_vit,V100,TinyImageNet,19,2.903627577350844
840,deformable_vit,P100,TinyImageNet,20,3.3643566026706173
841,deformable_vit,V100,TinyImageNet,20,2.901976469851181
842,deformable_vit,P100,TinyImageNet,21,3.3191127403491745
843,deformable_vit,V100,TinyImageNet,21,2.873672133497858
844,deformable_vit,P100,TinyImageNet,22,3.285798547995223
845,deformable_vit,V100,TinyImageNet,22,2.860426279045784
846,deformable_vit,P100,TinyImageNet,23,3.245868020757738
847,deformable_vit,V100,TinyImageNet,23,2.862934659011508
848,deformable_vit,P100,TinyImageNet,24,3.166075440445846
849,deformable_vit,V100,TinyImageNet,24,2.8240990023339783
850,deformable_vit,P100,TinyImageNet,25,3.145085310459265
851,deformable_vit,V100,TinyImageNet,25,2.835739561739915
852,deformable_vit,P100,TinyImageNet,26,3.1199499049668944
853,deformable_vit,V100,TinyImageNet,26,2.807919250952149
854,deformable_vit,P100,TinyImageNet,27,3.093841822097032
855,deformable_vit,V100,TinyImageNet,27,2.7877184046789316
856,deformable_vit,P100,TinyImageNet,28,3.060540906803946
857,deformable_vit,V100,TinyImageNet,28,2.8010555316205914
858,deformable_vit,P100,TinyImageNet,29,3.007682125142495
859,deformable_vit,V100,TinyImageNet,29,2.7591388569656567
860,deformable_vit,P100,TinyImageNet,30,2.9630355129055572
861,deformable_vit,V100,TinyImageNet,30,2.7514899605041534
862,deformable_vit,P100,TinyImageNet,31,2.9546898756748057
863,deformable_vit,V100,TinyImageNet,31,2.7239278114485836
864,deformable_vit,P100,TinyImageNet,32,2.921984965703076
865,deformable_vit,V100,TinyImageNet,32,2.7358705972221067
866,deformable_vit,P100,TinyImageNet,33,2.8848813791815995
867,deformable_vit,V100,TinyImageNet,33,2.669926197119342
868,deformable_vit,P100,TinyImageNet,34,2.821483936156526
869,deformable_vit,V100,TinyImageNet,34,2.662364883338734
870,deformable_vit,P100,TinyImageNet,35,2.8434584538503636
871,deformable_vit,V100,TinyImageNet,35,2.62180463730656
872,deformable_vit,P100,TinyImageNet,36,2.7823503903393876
873,deformable_vit,V100,TinyImageNet,36,2.611274151885228
874,deformable_vit,P100,TinyImageNet,37,2.7266383243346866
875,deformable_vit,V100,TinyImageNet,37,2.5873229996757736
876,deformable_vit,P100,TinyImageNet,38,2.7348958636595855
877,deformable_vit,V100,TinyImageNet,38,2.5763005148431386
878,deformable_vit,P100,TinyImageNet,39,2.71505767878508
879,deformable_vit,V100,TinyImageNet,39,2.5643649325487146
880,deformable_vit,P100,TinyImageNet,40,2.6741838453752806
881,deformable_vit,V100,TinyImageNet,40,2.56085539531248
882,deformable_vit,P100,TinyImageNet,41,2.6578495832914872
883,deformable_vit,V100,TinyImageNet,41,2.4875109285027985
884,deformable_vit,P100,TinyImageNet,42,2.6676219932020095
885,deformable_vit,V100,TinyImageNet,42,2.507826429780619
886,deformable_vit,P100,TinyImageNet,43,2.6156790622047814
887,deformable_vit,V100,TinyImageNet,43,2.5331178412899615
888,deformable_vit,P100,TinyImageNet,44,2.6345476761980855
889,deformable_vit,V100,TinyImageNet,44,2.5328326193644606
890,deformable_vit,P100,TinyImageNet,45,2.6338000158204267
891,deformable_vit,V100,TinyImageNet,45,2.5096402388534718
892,deformable_vit,P100,TinyImageNet,46,2.6066139147403153
893,deformable_vit,V100,TinyImageNet,46,2.5266867359456024
894,deformable_vit,P100,TinyImageNet,47,2.6271610293904324
895,deformable_vit,V100,TinyImageNet,47,2.4974413684572574
896,deformable_vit,P100,TinyImageNet,48,2.5868127067882396
897,deformable_vit,V100,TinyImageNet,48,2.5243117374281345
898,deformable_vit,P100,TinyImageNet,49,2.594902803961015
899,deformable_vit,V100,TinyImageNet,49,2.5249704066431344
900,deformable_vit,P100,TinyImageNet,50,2.5603289331628107
901,deformable_vit,V100,TinyImageNet,50,2.5101866676334756
902,deformable_vit,P100,TinyImageNet,51,2.5499418818918187
903,deformable_vit,V100,TinyImageNet,51,2.504984551434819
904,deformable_vit,P100,TinyImageNet,52,2.4726139633392807
905,deformable_vit,V100,TinyImageNet,52,2.5295313802757695
906,deformable_vit,P100,TinyImageNet,53,2.504614266389354
907,deformable_vit,V100,TinyImageNet,53,2.490971373895596
908,deformable_vit,P100,TinyImageNet,54,2.4696972550966043
909,deformable_vit,V100,TinyImageNet,54,2.511081655365649
910,deformable_vit,P100,TinyImageNet,55,2.419408978746697
911,deformable_vit,V100,TinyImageNet,55,2.480169402293298
912,deformable_vit,P100,TinyImageNet,56,2.402715417060504
913,deformable_vit,V100,TinyImageNet,56,2.4929697487217113
914,deformable_vit,P100,TinyImageNet,57,2.3942897374756966
915,deformable_vit,V100,TinyImageNet,57,2.499239466727941
916,deformable_vit,P100,TinyImageNet,58,2.3442791441217774
917,deformable_vit,V100,TinyImageNet,58,2.469699433399089
918,deformable_vit,P100,TinyImageNet,59,2.3169658975308463
919,deformable_vit,V100,TinyImageNet,59,2.470056068458101
920,deformable_vit,P100,TinyImageNet,60,2.351602245212352
921,deformable_vit,V100,TinyImageNet,60,2.4307195909183275
922,deformable_vit,P100,TinyImageNet,61,2.2975140005868058
923,deformable_vit,V100,TinyImageNet,61,2.4464271933729127
924,deformable_vit,P100,TinyImageNet,62,2.335579685923761
925,deformable_vit,V100,TinyImageNet,62,2.4616597537672362
926,deformable_vit,P100,TinyImageNet,63,2.316931887303525
927,deformable_vit,V100,TinyImageNet,63,2.4587392106721375
928,deformable_vit,P100,TinyImageNet,64,2.34242519421205
929,deformable_vit,V100,TinyImageNet,64,2.4597462903338565
930,deformable_vit,P100,TinyImageNet,65,2.315864606894597
931,deformable_vit,V100,TinyImageNet,65,2.4565951181770145
932,deformable_vit,P100,TinyImageNet,66,2.351865019390485
933,deformable_vit,V100,TinyImageNet,66,2.4375331252975565
934,deformable_vit,P100,TinyImageNet,67,2.342270483213136
935,deformable_vit,V100,TinyImageNet,67,2.4487117370108806
936,deformable_vit,P100,TinyImageNet,68,2.3206451347348707
937,deformable_vit,V100,TinyImageNet,68,2.4471819387634297
938,deformable_vit,P100,TinyImageNet,69,2.356624116986326
939,deformable_vit,V100,TinyImageNet,69,2.411085833600609
940,deformable_vit,P100,TinyImageNet,70,2.350514708449209
941,deformable_vit,V100,TinyImageNet,70,2.4338366227573913
942,deformable_vit,P100,TinyImageNet,71,2.3420735324050317
943,deformable_vit,V100,TinyImageNet,71,2.4337336459264653
944,deformable_vit,P100,TinyImageNet,72,2.375063077190726
945,deformable_vit,V100,TinyImageNet,72,2.423663501529757
946,deformable_vit,P100,TinyImageNet,73,2.3388283201517925
947,deformable_vit,V100,TinyImageNet,73,2.4299088969818814
948,deformable_vit,P100,TinyImageNet,74,2.3646634025673055
949,deformable_vit,V100,TinyImageNet,74,2.4415476419059656
950,deformable_vit,P100,TinyImageNet,75,2.3422199799745522
951,deformable_vit,V100,TinyImageNet,75,2.4422328727310996
952,deformable_vit,P100,TinyImageNet,76,2.3532632097869848
953,deformable_vit,V100,TinyImageNet,76,2.43010724190069
954,deformable_vit,P100,TinyImageNet,77,2.3374137819441185
955,deformable_vit,V100,TinyImageNet,77,2.4241492237357916
956,deformable_vit,P100,TinyImageNet,78,2.3378054168801192
957,deformable_vit,V100,TinyImageNet,78,2.419857688771942
958,deformable_vit,P100,TinyImageNet,79,2.3627628837790473
959,deformable_vit,V100,TinyImageNet,79,2.4243205059221915
960,deformable_vit,P100,TinyImageNet,80,2.352168019990727
961,deformable_vit,V100,TinyImageNet,80,2.4383644154660344
962,deformable_vit,P100,TinyImageNet,81,2.334215380908737
963,deformable_vit,V100,TinyImageNet,81,2.456409624097939
964,deformable_vit,P100,TinyImageNet,82,2.347101862851549
965,deformable_vit,V100,TinyImageNet,82,2.43669001368829
966,deformable_vit,P100,TinyImageNet,83,2.330612162268673
967,deformable_vit,V100,TinyImageNet,83,2.445601314960906
968,deformable_vit,P100,TinyImageNet,84,2.3287800229324827
969,deformable_vit,V100,TinyImageNet,84,2.4577992303536047
970,deformable_vit,P100,TinyImageNet,85,2.313576840943003
971,deformable_vit,V100,TinyImageNet,85,2.409128312267802
972,deformable_vit,P100,TinyImageNet,86,2.320718122507032
973,deformable_vit,V100,TinyImageNet,86,2.4419921349989107
974,deformable_vit,P100,TinyImageNet,87,2.328542027775336
975,deformable_vit,V100,TinyImageNet,87,2.450944424658673
976,deformable_vit,P100,TinyImageNet,88,2.3149552537330433
977,deformable_vit,V100,TinyImageNet,88,2.4329120862395226
978,deformable_vit,P100,TinyImageNet,89,2.316858828326893
979,deformable_vit,V100,TinyImageNet,89,2.441674922469048
980,deformable_vit,P100,TinyImageNet,90,2.3215786306794928
981,deformable_vit,V100,TinyImageNet,90,2.4492050774632084
982,deformable_vit,P100,TinyImageNet,91,2.3280397755317224
983,deformable_vit,V100,TinyImageNet,91,2.415546693942599
984,deformable_vit,P100,TinyImageNet,92,2.3279925541023516
985,deformable_vit,V100,TinyImageNet,92,2.413388426712207
986,deformable_vit,P100,TinyImageNet,93,2.342716800245871
987,deformable_vit,V100,TinyImageNet,93,2.4186192332086045
988,deformable_vit,P100,TinyImageNet,94,2.3416385933999058
989,deformable_vit,V100,TinyImageNet,94,2.428993373121213
990,deformable_vit,P100,TinyImageNet,95,2.3239520380856
991,deformable_vit,V100,TinyImageNet,95,2.41321311079637
992,deformable_vit,P100,TinyImageNet,96,2.304804778736728
993,deformable_vit,V100,TinyImageNet,96,2.43299537126666
994,deformable_vit,P100,TinyImageNet,97,2.329209076909365
995,deformable_vit,V100,TinyImageNet,97,2.432622883697271
996,deformable_vit,P100,TinyImageNet,98,2.3358164772313104
997,deformable_vit,V100,TinyImageNet,98,2.3999574696213406
998,deformable_vit,P100,TinyImageNet,99,2.3516930432233063
999,deformable_vit,V100,TinyImageNet,99,2.390722455376833
1000,resnet152,K80,TinyImageNet,0,5.49485426009156
1001,resnet152,K80,TinyImageNet,1,5.169129652633914
1002,resnet152,K80,TinyImageNet,2,4.897037845004488
1003,resnet152,K80,TinyImageNet,3,4.663101827199606
1004,resnet152,K80,TinyImageNet,4,4.409526793919572
1005,resnet152,K80,TinyImageNet,5,4.1981225931019654
1006,resnet152,K80,TinyImageNet,6,4.049687480227948
1007,resnet152,K80,TinyImageNet,7,3.8690119624428614
1008,resnet152,K80,TinyImageNet,8,3.7523295868455047
1009,resnet152,K80,TinyImageNet,9,3.636884125967231
1010,resnet152,K80,TinyImageNet,10,3.511411014827375
1011,resnet152,K80,TinyImageNet,11,3.4785928027838673
1012,resnet152,K80,TinyImageNet,12,3.359975493138652
1013,resnet152,K80,TinyImageNet,13,3.2819698683612564
1014,resnet152,K80,TinyImageNet,14,3.2462680447681413
1015,resnet152,K80,TinyImageNet,15,3.1772014278758816
1016,resnet152,K80,TinyImageNet,16,3.147915338014006
1017,resnet152,K80,TinyImageNet,17,3.104691014404215
1018,resnet152,K80,TinyImageNet,18,3.0597259361880096
1019,resnet152,K80,TinyImageNet,19,3.0449313158830043
1020,resnet152,K80,TinyImageNet,20,3.0042552665221924
1021,resnet152,K80,TinyImageNet,21,2.9463579748376363
1022,resnet152,K80,TinyImageNet,22,2.885327903444051
1023,resnet152,K80,TinyImageNet,23,2.864901260909234
1024,resnet152,K80,TinyImageNet,24,2.837647213301902
1025,resnet152,K80,TinyImageNet,25,2.788948466926557
1026,resnet152,K80,TinyImageNet,26,2.743602928923032
1027,resnet152,K80,TinyImageNet,27,2.6972391154806017
1028,resnet152,K80,TinyImageNet,28,2.679813538698634
1029,resnet152,K80,TinyImageNet,29,2.6510295696091233
1030,resnet152,K80,TinyImageNet,30,2.625685300467586
1031,resnet152,K80,TinyImageNet,31,2.611709843326527
1032,resnet152,K80,TinyImageNet,32,2.618871738326355
1033,resnet152,K80,TinyImageNet,33,2.608557927393558
1034,resnet152,K80,TinyImageNet,34,2.5901381666654695
1035,resnet152,K80,TinyImageNet,35,2.5989554397077486
1036,resnet152,K80,TinyImageNet,36,2.600645544743128
1037,resnet152,K80,TinyImageNet,37,2.569263331881705
1038,resnet152,K80,TinyImageNet,38,2.600037274363497
1039,resnet152,K80,TinyImageNet,39,2.5692760717482948
1040,resnet152,K80,TinyImageNet,40,2.553749233690439
1041,resnet152,K80,TinyImageNet,41,2.6016189946507122
1042,resnet152,K80,TinyImageNet,42,2.579172379768476
1043,resnet152,K80,TinyImageNet,43,2.5910866107312693
1044,resnet152,K80,TinyImageNet,44,2.592720936180115
1045,resnet152,K80,TinyImageNet,45,2.5644901003100595
1046,resnet152,K80,TinyImageNet,46,2.570091385364432
1047,resnet152,K80,TinyImageNet,47,2.553910786690015
1048,resnet152,K80,TinyImageNet,48,2.5624323932803468
1049,resnet152,K80,TinyImageNet,49,2.5509213547080596
1050,resnet152,K80,TinyImageNet,50,2.5892685711845345
1051,resnet152,K80,TinyImageNet,51,2.5504943445276083
1052,resnet152,K80,TinyImageNet,52,2.558848004412056
1053,resnet152,K80,TinyImageNet,53,2.5306927609274434
1054,resnet152,K80,TinyImageNet,54,2.546187079137381
1055,resnet152,K80,TinyImageNet,55,2.5483878176114416
1056,resnet152,K80,TinyImageNet,56,2.5584424188770702
1057,resnet152,K80,TinyImageNet,57,2.529215706301447
1058,resnet152,K80,TinyImageNet,58,2.5577494668429868
1059,resnet152,K80,TinyImageNet,59,2.5513246340959017
1060,resnet152,K80,TinyImageNet,60,2.5366958262341233
1061,resnet152,K80,TinyImageNet,61,2.530634204892497
1062,resnet152,K80,TinyImageNet,62,2.5713997064776843
1063,resnet152,K80,TinyImageNet,63,2.5680007003439225
1064,resnet152,K80,TinyImageNet,64,2.5044232326891938
1065,resnet152,K80,TinyImageNet,65,2.5351923957700593
1066,resnet152,K80,TinyImageNet,66,2.5203186415965027
1067,resnet152,K80,TinyImageNet,67,2.5339321450710814
1068,resnet152,K80,TinyImageNet,68,2.5268603562414
1069,resnet152,K80,TinyImageNet,69,2.5252144603595177
1070,resnet152,K80,TinyImageNet,70,2.50627710726059
1071,resnet152,K80,TinyImageNet,71,2.5142780954990886
1072,resnet152,K80,TinyImageNet,72,2.53606942153591
1073,resnet152,K80,TinyImageNet,73,2.5394365606570433
1074,resnet152,K80,TinyImageNet,74,2.508144179077842
1075,resnet152,K80,TinyImageNet,75,2.5083511152838125
1076,resnet152,K80,TinyImageNet,76,2.509380756894669
1077,resnet152,K80,TinyImageNet,77,2.5493746505780974
1078,resnet152,K80,TinyImageNet,78,2.5130685175532257
1079,resnet152,K80,TinyImageNet,79,2.501280792941644
1080,resnet152,K80,TinyImageNet,80,2.5078977849711395
1081,resnet152,K80,TinyImageNet,81,2.52207632029427
1082,resnet152,K80,TinyImageNet,82,2.5425436558032533
1083,resnet152,K80,TinyImageNet,83,2.506794202819844
1084,resnet152,K80,TinyImageNet,84,2.512179767813603
1085,resnet152,K80,TinyImageNet,85,2.5273393040108707
1086,resnet152,K80,TinyImageNet,86,2.5365136381707454
1087,resnet152,K80,TinyImageNet,87,2.500703431648559
1088,resnet152,K80,TinyImageNet,88,2.514996391294206
1089,resnet152,K80,TinyImageNet,89,2.505438022009656
1090,resnet152,K80,TinyImageNet,90,2.5529325493193604
1091,resnet152,K80,TinyImageNet,91,2.4925885217143353
1092,resnet152,K80,TinyImageNet,92,2.5378731114423276
1093,resnet152,K80,TinyImageNet,93,2.528102958678579
1094,resnet152,K80,TinyImageNet,94,2.4977968968600552
1095,resnet152,K80,TinyImageNet,95,2.511691086551961
1096,resnet152,K80,TinyImageNet,96,2.5102297542012733
1097,resnet152,K80,TinyImageNet,97,2.5053879086411417
1098,resnet152,K80,TinyImageNet,98,2.5120695089788243
1099,resnet152,K80,TinyImageNet,99,2.4846048744803944
1100,resnet152,K80,cifar100,0,4.49288128128389
1101,resnet152,K80,cifar100,1,4.244229334956083
1102,resnet152,K80,cifar100,2,3.985609924649296
1103,resnet152,K80,cifar100,3,3.8115286743883976
1104,resnet152,K80,cifar100,4,3.6552708783403833
1105,resnet152,K80,cifar100,5,3.5372078683171795
1106,resnet152,K80,cifar100,6,3.4362414336966203
1107,resnet152,K80,cifar100,7,3.325496596883945
1108,resnet152,K80,cifar100,8,3.2489617165955056
1109,resnet152,K80,cifar100,9,3.2240114370814137
1110,resnet152,K80,cifar100,10,3.182714834351847
1111,resnet152,K80,cifar100,11,3.1875041896333984
1112,resnet152,K80,cifar100,12,3.160711695463409
1113,resnet152,K80,cifar100,13,3.165140431712592
1114,resnet152,K80,cifar100,14,3.1506874391987756
1115,resnet152,K80,cifar100,15,3.185411105658161
1116,resnet152,K80,cifar100,16,3.187302574994868
1117,resnet152,K80,cifar100,17,3.1469801750975095
1118,resnet152,K80,cifar100,18,3.1614901251538967
1119,resnet152,K80,cifar100,19,3.1342473905700317
1120,resnet152,K80,cifar100,20,3.1555079253785134
1121,resnet152,K80,cifar100,21,3.0915527360205766
1122,resnet152,K80,cifar100,22,3.029652305373149
1123,resnet152,K80,cifar100,23,3.0096621343645036
1124,resnet152,K80,cifar100,24,2.902850547721071
1125,resnet152,K80,cifar100,25,2.8406776061204084
1126,resnet152,K80,cifar100,26,2.7952723122677963
1127,resnet152,K80,cifar100,27,2.702668185293695
1128,resnet152,K80,cifar100,28,2.6054875964242754
1129,resnet152,K80,cifar100,29,2.544820727943034
1130,resnet152,K80,cifar100,30,2.4880414700820013
1131,resnet152,K80,cifar100,31,2.4255313695406455
1132,resnet152,K80,cifar100,32,2.39987424905448
1133,resnet152,K80,cifar100,33,2.329029124116836
1134,resnet152,K80,cifar100,34,2.271816352237533
1135,resnet152,K80,cifar100,35,2.2121119253601793
1136,resnet152,K80,cifar100,36,2.1719745975118503
1137,resnet152,K80,cifar100,37,2.1065327594470715
1138,resnet152,K80,cifar100,38,2.092382327260254
1139,resnet152,K80,cifar100,39,2.042291731316236
1140,resnet152,K80,cifar100,40,1.992675149836152
1141,resnet152,K80,cifar100,41,1.9755168412192239
1142,resnet152,K80,cifar100,42,1.942513862218671
1143,resnet152,K80,cifar100,43,1.909039799818695
1144,resnet152,K80,cifar100,44,1.864920851032923
1145,resnet152,K80,cifar100,45,1.8505480158987546
1146,resnet152,K80,cifar100,46,1.7983513181089974
1147,resnet152,K80,cifar100,47,1.7974889483026106
1148,resnet152,K80,cifar100,48,1.8066388680592442
1149,resnet152,K80,cifar100,49,1.7453213865628743
1150,resnet152,K80,cifar100,50,1.7536778809643407
1151,resnet152,K80,cifar100,51,1.7327247281722966
1152,resnet152,K80,cifar100,52,1.704248146911227
1153,resnet152,K80,cifar100,53,1.6330752404444075
1154,resnet152,K80,cifar100,54,1.646339718676884
1155,resnet152,K80,cifar100,55,1.6588969600720587
1156,resnet152,K80,cifar100,56,1.638230959857847
1157,resnet152,K80,cifar100,57,1.5992299573280322
1158,resnet152,K80,cifar100,58,1.5761364906673803
1159,resnet152,K80,cifar100,59,1.5507338871813912
1160,resnet152,K80,cifar100,60,1.49031140209981
1161,resnet152,K80,cifar100,61,1.502027900983494
1162,resnet152,K80,cifar100,62,1.456441782591772
1163,resnet152,K80,cifar100,63,1.4148272966009305
1164,resnet152,K80,cifar100,64,1.3926936289501861
1165,resnet152,K80,cifar100,65,1.365655176393479
1166,resnet152,K80,cifar100,66,1.3371158981416964
1167,resnet152,K80,cifar100,67,1.3320470824305717
1168,resnet152,K80,cifar100,68,1.275889356770913
1169,resnet152,K80,cifar100,69,1.2464745827603751
1170,resnet152,K80,cifar100,70,1.247165445213381
1171,resnet152,K80,cifar100,71,1.2281048828924324
1172,resnet152,K80,cifar100,72,1.195950997195905
1173,resnet152,K80,cifar100,73,1.1947434498332645
1174,resnet152,K80,cifar100,74,1.1470254662273256
1175,resnet152,K80,cifar100,75,1.1523588155057716
1176,resnet152,K80,cifar100,76,1.15736641737225
1177,resnet152,K80,cifar100,77,1.1432303066471607
1178,resnet152,K80,cifar100,78,1.1340131981723576
1179,resnet152,K80,cifar100,79,1.1254721287200955
1180,resnet152,K80,cifar100,80,1.1194810099904557
1181,resnet152,K80,cifar100,81,1.1014048582893625
1182,resnet152,K80,cifar100,82,1.0897901713053926
1183,resnet152,K80,cifar100,83,1.096921343828686
1184,resnet152,K80,cifar100,84,1.0422685672204193
1185,resnet152,K80,cifar100,85,1.0594723806596196
1186,resnet152,K80,cifar100,86,1.0536943803175527
1187,resnet152,K80,cifar100,87,0.9803921532373769
1188,resnet152,K80,cifar100,88,1.0260043956706617
1189,resnet152,K80,cifar100,89,1.0190467317493321
1190,resnet152,K80,cifar100,90,1.0054318406847982
1191,resnet152,K80,cifar100,91,0.9977976120490913
1192,resnet152,K80,cifar100,92,0.9661164917036297
1193,resnet152,K80,cifar100,93,0.9577324828236445
1194,resnet152,K80,cifar100,94,0.9414536225328015
1195,resnet152,K80,cifar100,95,0.9576932094011347
1196,resnet152,K80,cifar100,96,0.9732054654998811
1197,resnet152,K80,cifar100,97,0.9688464498830638
1198,resnet152,K80,cifar100,98,0.9747877041000884
1199,resnet152,K80,cifar100,99,0.9655361069181393
1200,resnet152,K80,cifar10,0,2.212437945456629
1201,resnet152,K80,cifar10,1,2.0223310337941025
1202,resnet152,K80,cifar10,2,1.8667203979626694
1203,resnet152,K80,cifar10,3,1.712743639718465
1204,resnet152,K80,cifar10,4,1.5607703285080985
1205,resnet152,K80,cifar10,5,1.450943936551909
1206,resnet152,K80,cifar10,6,1.3601462574957996
1207,resnet152,K80,cifar10,7,1.2681972851234846
1208,resnet152,K80,cifar10,8,1.1866549776981088
1209,resnet152,K80,cifar10,9,1.123996022721728
1210,resnet152,K80,cifar10,10,1.0622019572738004
1211,resnet152,K80,cifar10,11,1.0307819508869596
1212,resnet152,K80,cifar10,12,0.9958195965594524
1213,resnet152,K80,cifar10,13,0.9521060268538919
1214,resnet152,K80,cifar10,14,0.9193516510844087
1215,resnet152,K80,cifar10,15,0.900715286550404
1216,resnet152,K80,cifar10,16,0.8942405013397454
1217,resnet152,K80,cifar10,17,0.8745444304152983
1218,resnet152,K80,cifar10,18,0.8562629231660132
1219,resnet152,K80,cifar10,19,0.8806069358253036
1220,resnet152,K80,cifar10,20,0.8297440881864336
1221,resnet152,K80,cifar10,21,0.8234598852907284
1222,resnet152,K80,cifar10,22,0.8084040745859363
1223,resnet152,K80,cifar10,23,0.8154113207473559
1224,resnet152,K80,cifar10,24,0.7913586697702937
1225,resnet152,K80,cifar10,25,0.7734126314361364
1226,resnet152,K80,cifar10,26,0.7963153631077228
1227,resnet152,K80,cifar10,27,0.7612859244787983
1228,resnet152,K80,cifar10,28,0.7464260813361945
1229,resnet152,K80,cifar10,29,0.7615906683322471
1230,resnet152,K80,cifar10,30,0.7614160538119777
1231,resnet152,K80,cifar10,31,0.7238455686158367
1232,resnet152,K80,cifar10,32,0.7089435657264178
1233,resnet152,K80,cifar10,33,0.7070517090532799
1234,resnet152,K80,cifar10,34,0.7015046453268071
1235,resnet152,K80,cifar10,35,0.6727211444236622
1236,resnet152,K80,cifar10,36,0.6829348911218375
1237,resnet152,K80,cifar10,37,0.6752743717118934
1238,resnet152,K80,cifar10,38,0.6489131019755189
1239,resnet152,K80,cifar10,39,0.6633518903923518
1240,resnet152,K80,cifar10,40,0.6284737138919866
1241,resnet152,K80,cifar10,41,0.639124471743268
1242,resnet152,K80,cifar10,42,0.6638055734352015
1243,resnet152,K80,cifar10,43,0.6165088087889128
1244,resnet152,K80,cifar10,44,0.6356499361638768
1245,resnet152,K80,cifar10,45,0.6338388168080507
1246,resnet152,K80,cifar10,46,0.6310765858125221
1247,resnet152,K80,cifar10,47,0.6293712589321794
1248,resnet152,K80,cifar10,48,0.6154177466993123
1249,resnet152,K80,cifar10,49,0.6031768524633137
1250,resnet152,K80,cifar10,50,0.5927954111441689
1251,resnet152,K80,cifar10,51,0.6008820171182268
1252,resnet152,K80,cifar10,52,0.5947426656258284
1253,resnet152,K80,cifar10,53,0.6093069309299841
1254,resnet152,K80,cifar10,54,0.5745208078494153
1255,resnet152,K80,cifar10,55,0.5588251939512746
1256,resnet152,K80,cifar10,56,0.5770183945181838
1257,resnet152,K80,cifar10,57,0.5530392402548989
1258,resnet152,K80,cifar10,58,0.5564170583436
1259,resnet152,K80,cifar10,59,0.5416830130070301
1260,resnet152,K80,cifar10,60,0.5496493454843857
1261,resnet152,K80,cifar10,61,0.5713492061322895
1262,resnet152,K80,cifar10,62,0.5408267049758536
1263,resnet152,K80,cifar10,63,0.5496570374373118
1264,resnet152,K80,cifar10,64,0.5411772253010304
1265,resnet152,K80,cifar10,65,0.5314711485107517
1266,resnet152,K80,cifar10,66,0.5310777631963781
1267,resnet152,K80,cifar10,67,0.543433489908361
1268,resnet152,K80,cifar10,68,0.530424030203269
1269,resnet152,K80,cifar10,69,0.540952211910789
1270,resnet152,K80,cifar10,70,0.5405508535255827
1271,resnet152,K80,cifar10,71,0.5269700775179108
1272,resnet152,K80,cifar10,72,0.5292887495655733
1273,resnet152,K80,cifar10,73,0.532481941433592
1274,resnet152,K80,cifar10,74,0.5429478436752839
1275,resnet152,K80,cifar10,75,0.5447120084855899
1276,resnet152,K80,cifar10,76,0.5373916814107801
1277,resnet152,K80,cifar10,77,0.512529335194028
1278,resnet152,K80,cifar10,78,0.5005257267764235
1279,resnet152,K80,cifar10,79,0.5349310554693602
1280,resnet152,K80,cifar10,80,0.511524189842302
1281,resnet152,K80,cifar10,81,0.5387118225658182
1282,resnet152,K80,cifar10,82,0.5275116976944796
1283,resnet152,K80,cifar10,83,0.523815160834566
1284,resnet152,K80,cifar10,84,0.5022685923858707
1285,resnet152,K80,cifar10,85,0.5144487124453295
1286,resnet152,K80,cifar10,86,0.4691187928883296
1287,resnet152,K80,cifar10,87,0.5120711916824972
1288,resnet152,K80,cifar10,88,0.5014526488845606
1289,resnet152,K80,cifar10,89,0.4902136025314377
1290,resnet152,K80,cifar10,90,0.48945386611128094
1291,resnet152,K80,cifar10,91,0.5154269031251542
1292,resnet152,K80,cifar10,92,0.5056682484240786
1293,resnet152,K80,cifar10,93,0.49575230097450546
1294,resnet152,K80,cifar10,94,0.5001289656262793
1295,resnet152,K80,cifar10,95,0.520746215320102
1296,resnet152,K80,cifar10,96,0.5131466176595221
1297,resnet152,K80,cifar10,97,0.5111920501320675
1298,resnet152,K80,cifar10,98,0.5025281791049114
1299,resnet152,K80,cifar10,99,0.5008529665686177
